{
    "parking": [
      {
        "photo": "C:/Users/Asus/Pictures/vk.jpg",
        "name": "B.Vamsi Krishna",
        "mobile": "6309382422",
        "vehicleCompanyAndModel": "Ford Mustang",
        "vehicleColor": "Black",
        "vehicleNumber": "AP 49 SS 4192",
        "parkingSlot": 49,
        "floor": -1,
        "entryDate": "2024-09-25T08:45:00Z",
        "exitDate": "2024-09-25T12:45:00Z",
        "duration": 4,
        "vehicleType": "4-wheeler",
        "userType": "customer"
      },
      {
        "photo": "C:/Users/Asus/Pictures/lal.jpg",
        "name": "S.Lal Srivamsi",
        "mobile": "9652196394",
        "vehicleCompanyAndModel": "Maruti Suzuki Vitara Brezza",
        "vehicleColor": "White",
        "vehicleNumber": "AP 07 EB 6444",
        "parkingSlot": 7,
        "floor": -1,
        "entryDate": "2024-09-25T08:55:00Z",
        "exitDate": "2024-09-25T12:55:00Z",
        "duration": 4,
        "vehicleType": "4-wheeler",
        "userType": "customer"
      },
      {
        "photo": "C:/Users/Asus/Pictures/SR.png",
        "name": "M.Sai Sandeep",
        "mobile": "8985312561",
        "vehicleCompanyAndModel": "BMW X7",
        "vehicleColor": "White",
        "vehicleNumber": "AP 10 SS 2410",
        "parkingSlot": 10,
        "floor": 1,
        "entryDate": "2024-09-25T09:05:00Z",
        "exitDate": "2024-09-25T13:05:00Z",
        "duration": 4,
        "vehicleType": "4-wheeler",
        "userType": "customer"
      },
      {
        "photo": "C:/Users/Asus/Pictures/KB.jpg",
        "name": "Sk.Khaleel Babu",
        "mobile": "9490719098",
        "vehicleCompanyAndModel": "Toyota Fortuner",
        "vehicleColor": "White",
        "vehicleNumber": "AP 09 KB 4160",
        "parkingSlot": 14,
        "floor": -1,
        "entryDate": "2024-09-25T09:45:00Z",
        "exitDate": "2024-09-25T15:45:00Z",
        "duration": 6,
        "vehicleType": "4-wheeler",
        "userType": "customer"
      },
      {
        "photo": "C:/Users/Asus/Pictures/SR.jpg",
        "name": "V.Sriram",
        "mobile": "9347995770",
        "vehicleCompanyAndModel": "Mahindra Thar",
        "vehicleColor": "Black",
        "vehicleNumber": "AP 07 SR 4648",
        "parkingSlot": 9,
        "floor": -1,
        "entryDate": "2024-09-25T09:55:00Z",
        "exitDate": "2024-09-25T15:55:00Z",
        "duration": 6,
        "vehicleType": "4-wheeler",
        "userType": "customer"
      },
      {
        "photo": "C:/Users/Asus/Pictures/AK.jpg",
        "name": "K.Ajay",
        "mobile": "9515422423",
        "vehicleCompanyAndModel": "Porsche 911",
        "vehicleColor": "Blue",
        "vehicleNumber": "AP 01 AK 4716",
        "parkingSlot": 11,
        "floor": 1,
        "entryDate": "2024-09-25T09:59:00Z",
        "exitDate": "2024-09-25T17:59:00Z",
        "duration": 8,
        "vehicleType": "4-wheeler",
        "userType": "customer"
      }
    ]
  }
  